{
  "counts": {
    "TP_CAND": 214,
    "FN_CAND": 289,
    "FP_AS_CAND": 139
  },
  "a1_threshold_sweep_best": {
    "thr": 0.3,
    "prec": 0.4819759679572764,
    "rec": 0.7176938369781312,
    "f1": 0.5766773162939297
  },
  "a1_reliability_bins_head": [
    {
      "bin": 0,
      "lo": 0.0,
      "hi": 0.1,
      "count": 669,
      "avg_p": 0.04322857762617282,
      "emp_rate": 0.03288490284005979
    },
    {
      "bin": 1,
      "lo": 0.1,
      "hi": 0.2,
      "count": 370,
      "avg_p": 0.1474737034376858,
      "emp_rate": 0.15405405405405406
    },
    {
      "bin": 2,
      "lo": 0.2,
      "hi": 0.30000000000000004,
      "count": 244,
      "avg_p": 0.25018179742982793,
      "emp_rate": 0.2581967213114754
    }
  ]
}