{
  "period_days": {
    "mean": 78.45745732832526,
    "std": 131.26428430845604,
    "median": 14.8484,
    "p10": 2.39696479,
    "p90": 298.6588089999998
  },
  "duration_days": {
    "mean": 4.729419169550173,
    "std": 5.574727367790075,
    "median": 2.9799,
    "p10": 0.14959999999999998,
    "p90": 10.8722
  },
  "depth": {
    "mean": 751.183984083045,
    "std": 3650.935214078517,
    "median": 276.7,
    "p10": 0.4556800000000001,
    "p90": 911.5999999999996
  },
  "prad_re": {
    "mean": 51.470097253944644,
    "std": 782.869213906367,
    "median": 2.19,
    "p10": 1.018,
    "p90": 7.219999999999994
  },
  "steff_K": {
    "mean": 5576.1263321799315,
    "std": 725.5772408030189,
    "median": 5661.0,
    "p10": 4694.8,
    "p90": 6297.6
  },
  "srad_Rsun": {
    "mean": 1.9397642041522487,
    "std": 9.913802079046745,
    "median": 0.965,
    "p10": 0.6698000000000001,
    "p90": 1.8577999999999997
  },
  "smass_MSun": {
    "mean": 0.9764825051903114,
    "std": 0.24771971702053594,
    "median": 0.959,
    "p10": 0.735,
    "p90": 1.23
  },
  "mission_onehot": {
    "mean": 0.23183391003460208,
    "std": 0.42200349310482027,
    "median": 0.0,
    "p10": 0.0,
    "p90": 1.0
  },
  "log_period": {
    "mean": 3.1276494913569106,
    "std": 1.6054565263272775,
    "median": 2.763068548855622,
    "p10": 1.2228083331978044,
    "p90": 5.702362829148624
  },
  "log_duration": {
    "mean": 1.4068747257417777,
    "std": 0.8176617285343368,
    "median": 1.381256693352552,
    "p10": 0.1394138134796018,
    "p90": 2.4741912563506445
  },
  "log_depth": {
    "mean": 5.098782864591705,
    "std": 2.0217213728170638,
    "median": 5.626541394312754,
    "p10": 0.37462088038501734,
    "p90": 6.816161211486632
  },
  "duration_over_period": {
    "mean": 0.3835041219772587,
    "std": 0.9412252620021252,
    "median": 0.1392685232680236,
    "p10": 0.010589553670764959,
    "p90": 0.91431325195923
  },
  "stellar_density_catalog": {
    "mean": 1.324334201897141,
    "std": 2.0374346344317926,
    "median": 1.0470389455741849,
    "p10": 0.18597126285688037,
    "p90": 2.1558354867545715
  },
  "flag_giant_star": {
    "mean": 0.02768166089965398,
    "std": 0.16405909468691623,
    "median": 0.0,
    "p10": 0.0,
    "p90": 0.0
  },
  "flag_implausible_prad": {
    "mean": 0.05536332179930796,
    "std": 0.22868805040634338,
    "median": 0.0,
    "p10": 0.0,
    "p90": 0.0
  },
  "log_prad": {
    "mean": 1.3268951423360351,
    "std": 0.8603518753265635,
    "median": 1.1600209167967532,
    "p10": 0.7021049535446876,
    "p90": 2.106281140273989
  },
  "rp_over_rstar": {
    "mean": 0.2590114362079098,
    "std": 3.734847506999443,
    "median": 0.019660590347665,
    "p10": 0.00900842879240868,
    "p90": 0.04990355468814053
  },
  "a_over_rstar": {
    "mean": 12.299670215279288,
    "std": 16.696000901943695,
    "median": 4.315333490343227,
    "p10": 1.7550702780851162,
    "p90": 39.76685322567705
  },
  "duration_expected_proxy": {
    "mean": 2.403065081459251,
    "std": 15.286077921257778,
    "median": 0.7404190558636342,
    "p10": 0.3905403094168179,
    "p90": 2.2085705058474496
  },
  "duration_anomaly": {
    "mean": 4.753611183314017,
    "std": 4.384744182242667,
    "median": 4.927925438707384,
    "p10": 0.3148293489182501,
    "p90": 7.982329618789496
  },
  "flag_ultrashort_period": {
    "mean": 0.03806228373702422,
    "std": 0.1913466652276608,
    "median": 0.0,
    "p10": 0.0,
    "p90": 0.0
  },
  "flag_long_period": {
    "mean": 0.10034602076124567,
    "std": 0.30046080755837246,
    "median": 0.0,
    "p10": 0.0,
    "p90": 0.19999999999998863
  },
  "flag_long_duty": {
    "mean": 0.5847750865051903,
    "std": 0.49276077837835014,
    "median": 1.0,
    "p10": 0.0,
    "p90": 1.0
  },
  "normalized_radius": {
    "mean": 18.604391599538623,
    "std": 212.92136861895005,
    "median": 2.194481990935835,
    "p10": 0.765574715589726,
    "p90": 7.172094574652678
  },
  "period_depth_ratio": {
    "mean": 18.10406786809572,
    "std": 86.84583769715147,
    "median": 0.0865918334038661,
    "p10": 0.0104454914362287,
    "p90": 11.724502450016338
  },
  "log_ratio_dur_per": {
    "mean": 0.2414933231918786,
    "std": 0.3336754932820395,
    "median": 0.1303864102072257,
    "p10": 0.01053387374390328,
    "p90": 0.649358238732718
  },
  "teff_bin_M": {
    "mean": 0.058823529411764705,
    "std": 0.23529411764705885,
    "median": 0.0,
    "p10": 0.0,
    "p90": 0.0
  },
  "teff_bin_K": {
    "mean": 0.18339100346020762,
    "std": 0.38698674823573187,
    "median": 0.0,
    "p10": 0.0,
    "p90": 1.0
  },
  "teff_bin_G": {
    "mean": 0.3771626297577855,
    "std": 0.4846761604122665,
    "median": 0.0,
    "p10": 0.0,
    "p90": 1.0
  },
  "teff_bin_F/A": {
    "mean": 0.2698961937716263,
    "std": 0.44390566380619095,
    "median": 0.0,
    "p10": 0.0,
    "p90": 1.0
  },
  "duration_over_period_sq": {
    "mean": 1.0329804059229084,
    "std": 7.857848852496099,
    "median": 0.019395721573256,
    "p10": 0.00011214542523426,
    "p90": 0.8359738916431465
  },
  "logdepth_x_logperiod": {
    "mean": 16.11907693749991,
    "std": 11.65974437971026,
    "median": 11.590014587714991,
    "p10": 0.6221494104830683,
    "p90": 34.781361999255004
  }
}