{
  "period_days": {
    "mean": 86.61446182697705,
    "std": 148.53343468855567,
    "median": 13.68275,
    "p10": 1.7949721423580003,
    "p90": 339.60722638400006
  },
  "duration_days": {
    "mean": 3.2989271848021584,
    "std": 4.019347860150901,
    "median": 2.654,
    "p10": 0.07709066666666664,
    "p90": 7.519200000000001
  },
  "depth": {
    "mean": 581.4558234595683,
    "std": 3259.112713875454,
    "median": 171.9,
    "p10": 0.08628000000000001,
    "p90": 519.5600000000001
  },
  "prad_re": {
    "mean": 8.051160007482014,
    "std": 23.50426949552317,
    "median": 1.95,
    "p10": 0.898,
    "p90": 13.668749306
  },
  "steff_K": {
    "mean": 5619.950215827339,
    "std": 807.1408038962854,
    "median": 5661.0,
    "p10": 4719.4,
    "p90": 6328.2
  },
  "srad_Rsun": {
    "mean": 1.2815336978417267,
    "std": 1.1366094583785866,
    "median": 0.965,
    "p10": 0.6264,
    "p90": 2.1106000000000003
  },
  "smass_MSun": {
    "mean": 1.0089148273381296,
    "std": 0.32258359745865234,
    "median": 0.959,
    "p10": 0.7826000000000001,
    "p90": 1.1922000000000001
  },
  "mission_onehot": {
    "mean": 0.37410071942446044,
    "std": 0.4838898336920932,
    "median": 0.0,
    "p10": 0.0,
    "p90": 1.0
  },
  "log_period": {
    "mean": 3.0640016956749787,
    "std": 1.7077100957525833,
    "median": 2.6866733353426246,
    "p10": 1.0264598139809789,
    "p90": 5.830151323833216
  },
  "log_duration": {
    "mean": 1.1263472590628574,
    "std": 0.809210182205265,
    "median": 1.2958224579558149,
    "p10": 0.07426347752955219,
    "p90": 2.142239538026244
  },
  "log_depth": {
    "mean": 4.158522231152187,
    "std": 2.4224098265936167,
    "median": 5.152713392689245,
    "p10": 0.0827589907556784,
    "p90": 6.254891574859447
  },
  "duration_over_period": {
    "mean": 0.17298927685018015,
    "std": 0.30369256873145845,
    "median": 0.0445984424851624,
    "p10": 0.010173532165699502,
    "p90": 0.5195700433070625
  },
  "stellar_density_catalog": {
    "mean": 1.212925380473758,
    "std": 1.2760424646503723,
    "median": 1.0470389455741849,
    "p10": 0.2719161877854131,
    "p90": 1.8698803693599473
  },
  "flag_giant_star": {
    "mean": 0.050359712230215826,
    "std": 0.21868610292907428,
    "median": 0.0,
    "p10": 0.0,
    "p90": 0.0
  },
  "flag_implausible_prad": {
    "mean": 0.09352517985611511,
    "std": 0.291166997767598,
    "median": 0.0,
    "p10": 0.0,
    "p90": 0.0
  },
  "log_prad": {
    "mean": 1.3643044503800927,
    "std": 0.9479622765934825,
    "median": 1.0818051703517284,
    "p10": 0.6407984747522261,
    "p90": 2.6857186226264576
  },
  "rp_over_rstar": {
    "mean": 0.04973363936371312,
    "std": 0.1164594820213883,
    "median": 0.0188223600103103,
    "p10": 0.00769952789878862,
    "p90": 0.09329689378954127
  },
  "a_over_rstar": {
    "mean": 12.781672787425014,
    "std": 18.66479086431066,
    "median": 4.055898041873565,
    "p10": 2.6801233956205293,
    "p90": 37.517025177399226
  },
  "duration_expected_proxy": {
    "mean": 1.3209572476915705,
    "std": 1.6753483379463256,
    "median": 0.6827195802147553,
    "p10": 0.5705096156248838,
    "p90": 2.295139975567198
  },
  "duration_anomaly": {
    "mean": 3.9356854859117787,
    "std": 2.077006200713757,
    "median": 4.927925438707384,
    "p10": 0.8172388354595829,
    "p90": 5.951069175837626
  },
  "flag_ultrashort_period": {
    "mean": 0.06474820143884892,
    "std": 0.24608102699981393,
    "median": 0.0,
    "p10": 0.0,
    "p90": 0.0
  },
  "flag_long_period": {
    "mean": 0.11510791366906475,
    "std": 0.31915212968084655,
    "median": 0.0,
    "p10": 0.0,
    "p90": 1.0
  },
  "flag_long_duty": {
    "mean": 0.41007194244604317,
    "std": 0.4918464643204952,
    "median": 0.0,
    "p10": 0.0,
    "p90": 1.0
  },
  "normalized_radius": {
    "mean": 5.924021339077978,
    "std": 14.319403383166087,
    "median": 2.399568399777758,
    "p10": 0.5868565754246196,
    "p90": 9.344069165473393
  },
  "period_depth_ratio": {
    "mean": 27.203432242735392,
    "std": 86.7939674233473,
    "median": 0.2542763680625517,
    "p10": 0.04152276529219315,
    "p90": 82.70530596630813
  },
  "log_ratio_dur_per": {
    "mean": 0.13762041648055623,
    "std": 0.191358950835402,
    "median": 0.0436325460034054,
    "p10": 0.010122123451470861,
    "p90": 0.4184239932247694
  },
  "teff_bin_M": {
    "mean": 0.05755395683453238,
    "std": 0.23289804397465677,
    "median": 0.0,
    "p10": 0.0,
    "p90": 0.0
  },
  "teff_bin_K": {
    "mean": 0.19424460431654678,
    "std": 0.3956180456076984,
    "median": 0.0,
    "p10": 0.0,
    "p90": 1.0
  },
  "teff_bin_G": {
    "mean": 0.2805755395683453,
    "std": 0.4492804315394531,
    "median": 0.0,
    "p10": 0.0,
    "p90": 1.0
  },
  "teff_bin_F/A": {
    "mean": 0.2805755395683453,
    "std": 0.449280431539453,
    "median": 0.0,
    "p10": 0.0,
    "p90": 1.0
  },
  "duration_over_period_sq": {
    "mean": 0.1221544668814885,
    "std": 0.6021308753761319,
    "median": 0.0019890210721023,
    "p10": 0.00010351436552226718,
    "p90": 0.26996893667062294
  },
  "logdepth_x_logperiod": {
    "mean": 14.515125418486408,
    "std": 12.882881097281539,
    "median": 11.590014587714991,
    "p10": 0.22123611548395417,
    "p90": 37.30699718132533
  }
}