{
  "period_days": {
    "mean": 46.56590921763084,
    "std": 108.15623006987789,
    "median": 8.7813435,
    "p10": 1.73852509,
    "p90": 105.89716250000033
  },
  "duration_days": {
    "mean": 2.1220566900311524,
    "std": 2.905466048504739,
    "median": 0.60765,
    "p10": 0.064031,
    "p90": 5.025700000000001
  },
  "depth": {
    "mean": 497.24573336448594,
    "std": 2405.5939063865917,
    "median": 103.65,
    "p10": 0.051405000000000006,
    "p90": 310.67000000000024
  },
  "prad_re": {
    "mean": 20.11463610537383,
    "std": 147.78114974962614,
    "median": 2.47,
    "p10": 0.936,
    "p90": 24.91000000000007
  },
  "steff_K": {
    "mean": 5587.764579439253,
    "std": 688.7804123533462,
    "median": 5661.0,
    "p10": 4737.1,
    "p90": 6339.7
  },
  "srad_Rsun": {
    "mean": 1.3959980794392526,
    "std": 1.5315260898081786,
    "median": 0.965,
    "p10": 0.5596000000000001,
    "p90": 2.274401000000001
  },
  "smass_MSun": {
    "mean": 0.9989863691588784,
    "std": 0.2203075133348693,
    "median": 0.959,
    "p10": 0.8082,
    "p90": 1.2127000000000001
  },
  "mission_onehot": {
    "mean": 0.5841121495327103,
    "std": 0.49287437172263987,
    "median": 1.0,
    "p10": 0.0,
    "p90": 1.0
  },
  "log_period": {
    "mean": 2.5655752285419644,
    "std": 1.4174511750426548,
    "median": 2.2803975499222764,
    "p10": 1.0074184521959133,
    "p90": 4.668297598517864
  },
  "log_duration": {
    "mean": 0.816348949921772,
    "std": 0.7680280996942622,
    "median": 0.47470691151402683,
    "p10": 0.06206448420806631,
    "p90": 1.7960261164478304
  },
  "log_depth": {
    "mean": 3.565211169531027,
    "std": 2.623775925668823,
    "median": 4.650588461823954,
    "p10": 0.05012595843084994,
    "p90": 5.741727359365753
  },
  "duration_over_period": {
    "mean": 0.13775344606705409,
    "std": 0.17890979915636726,
    "median": 0.053222301595465454,
    "p10": 0.00757869496588193,
    "p90": 0.384335195974147
  },
  "stellar_density_catalog": {
    "mean": 1.0892459029443413,
    "std": 0.6573582835046976,
    "median": 1.0470389455741849,
    "p10": 0.23511429517976867,
    "p90": 1.775681636766309
  },
  "flag_giant_star": {
    "mean": 0.04205607476635514,
    "std": 0.2007171177094816,
    "median": 0.0,
    "p10": 0.0,
    "p90": 0.0
  },
  "flag_implausible_prad": {
    "mean": 0.1588785046728972,
    "std": 0.36556275169360647,
    "median": 0.0,
    "p10": 0.0,
    "p90": 1.0
  },
  "log_prad": {
    "mean": 1.6512891166736667,
    "std": 1.0854848284931167,
    "median": 1.244154593958768,
    "p10": 0.6606128138144526,
    "p90": 3.251592954479427
  },
  "rp_over_rstar": {
    "mean": 0.11723982361618093,
    "std": 0.7153682256882666,
    "median": 0.0244639389619771,
    "p10": 0.00907990369710651,
    "p90": 0.2028950529379876
  },
  "a_over_rstar": {
    "mean": 7.9312701864887964,
    "std": 12.417947519737538,
    "median": 4.055898041873565,
    "p10": 2.6003979445539005,
    "p90": 14.276542358996764
  },
  "duration_expected_proxy": {
    "mean": 1.022591650234762,
    "std": 1.0409489787397754,
    "median": 0.6827195802147553,
    "p10": 0.5259964018261698,
    "p90": 1.986032446804956
  },
  "duration_anomaly": {
    "mean": 3.9824647785331955,
    "std": 1.8798157883431934,
    "median": 4.927925438707384,
    "p10": 0.41940564953334813,
    "p90": 5.090360187417679
  },
  "flag_ultrashort_period": {
    "mean": 0.0514018691588785,
    "std": 0.22081602524692823,
    "median": 0.0,
    "p10": 0.0,
    "p90": 0.0
  },
  "flag_long_period": {
    "mean": 0.0514018691588785,
    "std": 0.22081602524692823,
    "median": 0.0,
    "p10": 0.0,
    "p90": 0.0
  },
  "flag_long_duty": {
    "mean": 0.4252336448598131,
    "std": 0.4943783896359665,
    "median": 0.0,
    "p10": 0.0,
    "p90": 1.0
  },
  "normalized_radius": {
    "mean": 11.218153648701193,
    "std": 43.40473387298184,
    "median": 2.8327263076473526,
    "p10": 0.6320675799194979,
    "p90": 23.03936576082142
  },
  "period_depth_ratio": {
    "mean": 38.16975018715308,
    "std": 128.21704486108877,
    "median": 0.24322970233181723,
    "p10": 0.04152276529219315,
    "p90": 66.881512632616
  },
  "log_ratio_dur_per": {
    "mean": 0.11858157785110866,
    "std": 0.1392340949245934,
    "median": 0.051854156087671605,
    "p10": 0.00755011554864775,
    "p90": 0.32521752295272266
  },
  "teff_bin_M": {
    "mean": 0.04672897196261682,
    "std": 0.21105775309600402,
    "median": 0.0,
    "p10": 0.0,
    "p90": 0.0
  },
  "teff_bin_K": {
    "mean": 0.1822429906542056,
    "std": 0.3860446645293996,
    "median": 0.0,
    "p10": 0.0,
    "p90": 1.0
  },
  "teff_bin_G": {
    "mean": 0.2570093457943925,
    "std": 0.4369846015235902,
    "median": 0.0,
    "p10": 0.0,
    "p90": 1.0
  },
  "teff_bin_F/A": {
    "mean": 0.21962616822429906,
    "std": 0.41399337489313875,
    "median": 0.0,
    "p10": 0.0,
    "p90": 1.0
  },
  "duration_over_period_sq": {
    "mean": 0.05098472896885374,
    "std": 0.13033531369500773,
    "median": 0.00283298479371265,
    "p10": 5.7447555910151314e-05,
    "p90": 0.14772310671936806
  },
  "logdepth_x_logperiod": {
    "mean": 10.405730846185035,
    "std": 10.882707482878958,
    "median": 11.112717534704231,
    "p10": 0.07703812751653556,
    "p90": 24.047322379374776
  }
}