{
  "counts": {
    "TP_CAND": 213,
    "FN_CAND": 290,
    "FP_AS_CAND": 131
  },
  "a1_threshold_sweep_best": {
    "thr": 0.25,
    "prec": 0.4548651817116061,
    "rec": 0.7713717693836978,
    "f1": 0.5722713864306784
  },
  "a1_reliability_bins_head": [
    {
      "bin": 0,
      "lo": 0.0,
      "hi": 0.1,
      "count": 669,
      "avg_p": 0.043965573472805025,
      "emp_rate": 0.03139013452914798
    },
    {
      "bin": 1,
      "lo": 0.1,
      "hi": 0.2,
      "count": 378,
      "avg_p": 0.14727687483572918,
      "emp_rate": 0.1746031746031746
    },
    {
      "bin": 2,
      "lo": 0.2,
      "hi": 0.30000000000000004,
      "count": 242,
      "avg_p": 0.24630061057394512,
      "emp_rate": 0.256198347107438
    }
  ]
}