{
  "period_days": {
    "mean": 79.69411610885517,
    "std": 132.9399904917504,
    "median": 14.7997034,
    "p10": 2.3010337990000003,
    "p90": 323.6756377000001
  },
  "duration_days": {
    "mean": 4.7173336436781605,
    "std": 5.525026799511351,
    "median": 2.9799,
    "p10": 0.1479,
    "p90": 10.860100000000003
  },
  "depth": {
    "mean": 653.0984941379311,
    "std": 3403.9807208761467,
    "median": 276.7,
    "p10": 0.4703900000000003,
    "p90": 804.6600000000016
  },
  "prad_re": {
    "mean": 51.17311415996552,
    "std": 781.5307057029835,
    "median": 2.19,
    "p10": 1.0190000000000001,
    "p90": 6.243600000000014
  },
  "steff_K": {
    "mean": 5596.963275862069,
    "std": 733.4650136944172,
    "median": 5661.0,
    "p10": 4754.7,
    "p90": 6300.3
  },
  "srad_Rsun": {
    "mean": 1.9414358,
    "std": 9.896657322915795,
    "median": 0.965,
    "p10": 0.6789000000000001,
    "p90": 1.8800000000000008
  },
  "smass_MSun": {
    "mean": 0.9823394620689653,
    "std": 0.24850180986270834,
    "median": 0.959,
    "p10": 0.7451,
    "p90": 1.2295000000000003
  },
  "mission_onehot": {
    "mean": 0.22758620689655173,
    "std": 0.41927404561574244,
    "median": 0.0,
    "p10": 0.0,
    "p90": 1.0
  },
  "log_period": {
    "mean": 3.130762164546491,
    "std": 1.6174973982719558,
    "median": 2.759986417946874,
    "p10": 1.1941553677262884,
    "p90": 5.782815363336642
  },
  "log_duration": {
    "mean": 1.4098838410073988,
    "std": 0.8123902771837577,
    "median": 1.381256693352552,
    "p10": 0.1379341519223605,
    "p90": 2.4731751666580712
  },
  "log_depth": {
    "mean": 5.0571924501138525,
    "std": 1.9863335595439418,
    "median": 5.626541394312754,
    "p10": 0.38505149521989007,
    "p90": 6.691375747539016
  },
  "duration_over_period": {
    "mean": 0.3817765178668818,
    "std": 0.9349886885289209,
    "median": 0.14297273514296233,
    "p10": 0.01026418880344985,
    "p90": 0.9015937743948784
  },
  "stellar_density_catalog": {
    "mean": 1.3142925378804584,
    "std": 2.0326152867129412,
    "median": 1.0470389455741849,
    "p10": 0.179569939995281,
    "p90": 2.117764168916003
  },
  "flag_giant_star": {
    "mean": 0.027586206896551724,
    "std": 0.16378402878672987,
    "median": 0.0,
    "p10": 0.0,
    "p90": 0.0
  },
  "flag_implausible_prad": {
    "mean": 0.05172413793103448,
    "std": 0.22146952721836427,
    "median": 0.0,
    "p10": 0.0,
    "p90": 0.0
  },
  "log_prad": {
    "mean": 1.3072398760156612,
    "std": 0.849186812753963,
    "median": 1.1600209167967532,
    "p10": 0.7026012324789005,
    "p90": 1.9798263317189404
  },
  "rp_over_rstar": {
    "mean": 0.2566854729763667,
    "std": 3.7284925547629633,
    "median": 0.019556225008162953,
    "p10": 0.00874164746102192,
    "p90": 0.04617325358468947
  },
  "a_over_rstar": {
    "mean": 12.163086243392996,
    "std": 16.66373088799733,
    "median": 4.276465865246378,
    "p10": 1.7360753417934074,
    "p90": 39.760339073367476
  },
  "duration_expected_proxy": {
    "mean": 2.3988729532650654,
    "std": 15.260716793634863,
    "median": 0.7286548741487011,
    "p10": 0.38520231684152184,
    "p90": 2.206647062225819
  },
  "duration_anomaly": {
    "mean": 4.751238799265384,
    "std": 4.384452734213648,
    "median": 4.9181946713191955,
    "p10": 0.3280871064276047,
    "p90": 8.003651161595684
  },
  "flag_ultrashort_period": {
    "mean": 0.041379310344827586,
    "std": 0.1991659183199124,
    "median": 0.0,
    "p10": 0.0,
    "p90": 0.0
  },
  "flag_long_period": {
    "mean": 0.10689655172413794,
    "std": 0.30898168061169357,
    "median": 0.0,
    "p10": 0.0,
    "p90": 1.0
  },
  "flag_long_duty": {
    "mean": 0.5862068965517241,
    "std": 0.49251230541674823,
    "median": 1.0,
    "p10": 0.0,
    "p90": 1.0
  },
  "teff_bin_M": {
    "mean": 0.05862068965517241,
    "std": 0.23491339765863584,
    "median": 0.0,
    "p10": 0.0,
    "p90": 0.0
  },
  "teff_bin_K": {
    "mean": 0.16896551724137931,
    "std": 0.3747214581855867,
    "median": 0.0,
    "p10": 0.0,
    "p90": 1.0
  },
  "teff_bin_G": {
    "mean": 0.3689655172413793,
    "std": 0.4825245738075739,
    "median": 0.0,
    "p10": 0.0,
    "p90": 1.0
  },
  "teff_bin_F/A": {
    "mean": 0.2827586206896552,
    "std": 0.4503400749604002,
    "median": 0.0,
    "p10": 0.0,
    "p90": 1.0
  }
}