{
  "period_days": {
    "mean": 79.55593414860077,
    "std": 140.70006910519623,
    "median": 13.73288,
    "p10": 2.45261841,
    "p90": 298.4688
  },
  "duration_days": {
    "mean": 3.4182703039122133,
    "std": 4.240491103096508,
    "median": 2.713,
    "p10": 0.09,
    "p90": 7.74
  },
  "depth": {
    "mean": 513.5005002275573,
    "std": 3276.8200111665083,
    "median": 143.2,
    "p10": 0.0776,
    "p90": 479.7
  },
  "prad_re": {
    "mean": 6.172910880916032,
    "std": 15.896536851035279,
    "median": 1.85,
    "p10": 0.85,
    "p90": 11.6459
  },
  "steff_K": {
    "mean": 5606.785038167939,
    "std": 862.3219218764316,
    "median": 5661.0,
    "p10": 4550.0,
    "p90": 6309.0
  },
  "srad_Rsun": {
    "mean": 1.2487215419847326,
    "std": 1.0892511429346525,
    "median": 0.965,
    "p10": 0.58,
    "p90": 2.07
  },
  "smass_MSun": {
    "mean": 1.0001997022900764,
    "std": 0.3377259756177216,
    "median": 0.959,
    "p10": 0.767,
    "p90": 1.244
  },
  "mission_onehot": {
    "mean": 0.3816793893129771,
    "std": 0.4857985519602235,
    "median": 0.0,
    "p10": 0.0,
    "p90": 1.0
  },
  "log_period": {
    "mean": 3.049175664309029,
    "std": 1.6315577031293447,
    "median": 2.690081730711391,
    "p10": 1.2391329025994997,
    "p90": 5.702010238506351
  },
  "log_duration": {
    "mean": 1.1494160042546948,
    "std": 0.809508061027665,
    "median": 1.3118401751949431,
    "p10": 0.0861776962410523,
    "p90": 2.167910189667444
  },
  "log_depth": {
    "mean": 4.028719401753415,
    "std": 2.3940062267463267,
    "median": 4.971201224850849,
    "p10": 0.0747363461140171,
    "p90": 6.175243374899915
  },
  "duration_over_period": {
    "mean": 0.1839606048620472,
    "std": 0.302331032614874,
    "median": 0.0632609941165229,
    "p10": 0.0099402186788891,
    "p90": 0.4987964344512705
  },
  "stellar_density_catalog": {
    "mean": 1.381086700616745,
    "std": 1.9664296771250336,
    "median": 1.0470389455741849,
    "p10": 0.2814451331859289,
    "p90": 1.9831280506594728
  },
  "flag_giant_star": {
    "mean": 0.04580152671755725,
    "std": 0.2090544112615138,
    "median": 0.0,
    "p10": 0.0,
    "p90": 0.0
  },
  "flag_implausible_prad": {
    "mean": 0.08396946564885496,
    "std": 0.2773420171692359,
    "median": 0.0,
    "p10": 0.0,
    "p90": 0.0
  },
  "log_prad": {
    "mean": 1.2836077867255051,
    "std": 0.8716084520775472,
    "median": 1.0473189942805592,
    "p10": 0.6151856390902335,
    "p90": 2.537333051966377
  },
  "rp_over_rstar": {
    "mean": 0.04230425359556214,
    "std": 0.09783648986704929,
    "median": 0.018158863858112,
    "p10": 0.0076675625685943,
    "p90": 0.0735043413014504
  },
  "a_over_rstar": {
    "mean": 11.505302701071859,
    "std": 17.081848158276497,
    "median": 4.055898041873565,
    "p10": 2.785098268226019,
    "p90": 29.070283156659777
  },
  "duration_expected_proxy": {
    "mean": 1.285168988399035,
    "std": 1.7119756519695277,
    "median": 0.6827197975311472,
    "p10": 0.5317616745182523,
    "p90": 2.2248465390942687
  },
  "duration_anomaly": {
    "mean": 4.188197180576085,
    "std": 2.183162265978423,
    "median": 4.927923870101628,
    "p10": 0.8592716067783787,
    "p90": 6.499605739430862
  },
  "flag_ultrashort_period": {
    "mean": 0.05343511450381679,
    "std": 0.22489953988788144,
    "median": 0.0,
    "p10": 0.0,
    "p90": 0.0
  },
  "flag_long_period": {
    "mean": 0.09923664122137404,
    "std": 0.2989794813368876,
    "median": 0.0,
    "p10": 0.0,
    "p90": 0.0
  },
  "flag_long_duty": {
    "mean": 0.4351145038167939,
    "std": 0.495771996370367,
    "median": 0.0,
    "p10": 0.0,
    "p90": 1.0
  },
  "teff_bin_M": {
    "mean": 0.07633587786259542,
    "std": 0.26553476535765014,
    "median": 0.0,
    "p10": 0.0,
    "p90": 0.0
  },
  "teff_bin_K": {
    "mean": 0.183206106870229,
    "std": 0.38683540333801303,
    "median": 0.0,
    "p10": 0.0,
    "p90": 1.0
  },
  "teff_bin_G": {
    "mean": 0.25190839694656486,
    "std": 0.4341089223851276,
    "median": 0.0,
    "p10": 0.0,
    "p90": 1.0
  },
  "teff_bin_F/A": {
    "mean": 0.2900763358778626,
    "std": 0.45379737244891144,
    "median": 0.0,
    "p10": 0.0,
    "p90": 1.0
  }
}