{
  "period_days": {
    "mean": 44.73246980700001,
    "std": 104.64897691906376,
    "median": 9.321691,
    "p10": 1.7577428000000002,
    "p90": 92.21697500000002
  },
  "duration_days": {
    "mean": 2.1262700234741785,
    "std": 3.023280528232531,
    "median": 0.5425,
    "p10": 0.06408,
    "p90": 5.030800000000001
  },
  "depth": {
    "mean": 629.5971598122067,
    "std": 2856.649264887717,
    "median": 106.6,
    "p10": 0.05102000000000002,
    "p90": 453.5000000000006
  },
  "prad_re": {
    "mean": 20.371770547183097,
    "std": 148.1077258025809,
    "median": 2.47,
    "p10": 0.934,
    "p90": 25.34000000000005
  },
  "steff_K": {
    "mean": 5559.449671361502,
    "std": 676.5884867129163,
    "median": 5661.0,
    "p10": 4697.6,
    "p90": 6321.000000000001
  },
  "srad_Rsun": {
    "mean": 1.3911693051643195,
    "std": 1.5341764033315648,
    "median": 0.965,
    "p10": 0.5616,
    "p90": 2.279744000000001
  },
  "smass_MSun": {
    "mean": 0.9911177605633803,
    "std": 0.2195328812397608,
    "median": 0.959,
    "p10": 0.7924000000000001,
    "p90": 1.2128
  },
  "mission_onehot": {
    "mean": 0.5915492957746479,
    "std": 0.4915472779328211,
    "median": 1.0,
    "p10": 0.0,
    "p90": 1.0
  },
  "log_period": {
    "mean": 2.5586984703833107,
    "std": 1.3954769220015257,
    "median": 2.334247603219539,
    "p10": 1.0143671512613845,
    "p90": 4.5349160467019365
  },
  "log_duration": {
    "mean": 0.8094796109412549,
    "std": 0.7711428688467301,
    "median": 0.4334044767974058,
    "p10": 0.06211046571667632,
    "p90": 1.796873931350755
  },
  "log_depth": {
    "mean": 3.6146367493597418,
    "std": 2.6922630200981112,
    "median": 4.678420647727684,
    "p10": 0.04976004930968473,
    "p90": 6.118055156652996
  },
  "duration_over_period": {
    "mean": 0.138951824076909,
    "std": 0.21165536440928023,
    "median": 0.0526128702260807,
    "p10": 0.007817584194805662,
    "p90": 0.3553688401904007
  },
  "stellar_density_catalog": {
    "mean": 1.101813951140985,
    "std": 0.6687592995955268,
    "median": 1.0470389455741849,
    "p10": 0.24141585811117433,
    "p90": 1.8931409004009088
  },
  "flag_giant_star": {
    "mean": 0.04225352112676056,
    "std": 0.20116699798712254,
    "median": 0.0,
    "p10": 0.0,
    "p90": 0.0
  },
  "flag_implausible_prad": {
    "mean": 0.1643192488262911,
    "std": 0.3705650189797392,
    "median": 0.0,
    "p10": 0.0,
    "p90": 1.0
  },
  "log_prad": {
    "mean": 1.6795727843133201,
    "std": 1.089559138489237,
    "median": 1.244154593958768,
    "p10": 0.6595818768485665,
    "p90": 3.2688009607536017
  },
  "rp_over_rstar": {
    "mean": 0.1197410335906212,
    "std": 0.7169591966377865,
    "median": 0.0244639389619771,
    "p10": 0.0094334373920852,
    "p90": 0.2051184244185279
  },
  "a_over_rstar": {
    "mean": 8.096720664508677,
    "std": 12.512740832595606,
    "median": 4.055898041873565,
    "p10": 2.634734089870308,
    "p90": 15.007986285811883
  },
  "duration_expected_proxy": {
    "mean": 1.0218195115681379,
    "std": 1.0263511843706143,
    "median": 0.6827197975311472,
    "p10": 0.531565120908918,
    "p90": 1.9868154686178674
  },
  "duration_anomaly": {
    "mean": 3.9820710527090775,
    "std": 1.8616321687020452,
    "median": 4.927923870101628,
    "p10": 0.39149852281178316,
    "p90": 5.201400488739396
  },
  "flag_ultrashort_period": {
    "mean": 0.046948356807511735,
    "std": 0.21152826903415603,
    "median": 0.0,
    "p10": 0.0,
    "p90": 0.0
  },
  "flag_long_period": {
    "mean": 0.04225352112676056,
    "std": 0.20116699798712254,
    "median": 0.0,
    "p10": 0.0,
    "p90": 0.0
  },
  "flag_long_duty": {
    "mean": 0.4225352112676056,
    "std": 0.49396275821831503,
    "median": 0.0,
    "p10": 0.0,
    "p90": 1.0
  },
  "teff_bin_M": {
    "mean": 0.046948356807511735,
    "std": 0.21152826903415603,
    "median": 0.0,
    "p10": 0.0,
    "p90": 0.0
  },
  "teff_bin_K": {
    "mean": 0.20187793427230047,
    "std": 0.40140158685068655,
    "median": 0.0,
    "p10": 0.0,
    "p90": 1.0
  },
  "teff_bin_G": {
    "mean": 0.2676056338028169,
    "std": 0.44271080691554116,
    "median": 0.0,
    "p10": 0.0,
    "p90": 1.0
  },
  "teff_bin_F/A": {
    "mean": 0.20187793427230047,
    "std": 0.40140158685068644,
    "median": 0.0,
    "p10": 0.0,
    "p90": 1.0
  }
}